Model,LOSO_Folds,15min_MAE,15min_MAE_Mean,15min_MAE_Std,15min_MAE_Best,15min_RMSE,15min_RMSE_Mean,15min_RMSE_Std,15min_RMSE_Best,15min_MARD,15min_MARD_Mean,15min_MARD_Std,15min_MARD_Best,15min_MAPE,15min_MAPE_Mean,15min_MAPE_Std,15min_MAPE_Best,15min_R2,15min_R2_Mean,15min_R2_Std,15min_R2_Best,15min_Pearson,15min_Pearson_Mean,15min_Pearson_Std,15min_Pearson_Best,15min_EGA_A,15min_EGA_A_Mean,15min_EGA_A_Std,15min_EGA_A_Best,15min_EGA_B,15min_EGA_B_Mean,15min_EGA_B_Std,15min_EGA_B_Best,15min_EGA_C,15min_EGA_C_Mean,15min_EGA_C_Std,15min_EGA_C_Best,15min_EGA_D,15min_EGA_D_Mean,15min_EGA_D_Std,15min_EGA_D_Best,15min_EGA_E,15min_EGA_E_Mean,15min_EGA_E_Std,15min_EGA_E_Best,30min_MAE,30min_MAE_Mean,30min_MAE_Std,30min_MAE_Best,30min_RMSE,30min_RMSE_Mean,30min_RMSE_Std,30min_RMSE_Best,30min_MARD,30min_MARD_Mean,30min_MARD_Std,30min_MARD_Best,30min_MAPE,30min_MAPE_Mean,30min_MAPE_Std,30min_MAPE_Best,30min_R2,30min_R2_Mean,30min_R2_Std,30min_R2_Best,30min_Pearson,30min_Pearson_Mean,30min_Pearson_Std,30min_Pearson_Best,30min_EGA_A,30min_EGA_A_Mean,30min_EGA_A_Std,30min_EGA_A_Best,30min_EGA_B,30min_EGA_B_Mean,30min_EGA_B_Std,30min_EGA_B_Best,30min_EGA_C,30min_EGA_C_Mean,30min_EGA_C_Std,30min_EGA_C_Best,30min_EGA_D,30min_EGA_D_Mean,30min_EGA_D_Std,30min_EGA_D_Best,30min_EGA_E,30min_EGA_E_Mean,30min_EGA_E_Std,30min_EGA_E_Best,45min_MAE,45min_MAE_Mean,45min_MAE_Std,45min_MAE_Best,45min_RMSE,45min_RMSE_Mean,45min_RMSE_Std,45min_RMSE_Best,45min_MARD,45min_MARD_Mean,45min_MARD_Std,45min_MARD_Best,45min_MAPE,45min_MAPE_Mean,45min_MAPE_Std,45min_MAPE_Best,45min_R2,45min_R2_Mean,45min_R2_Std,45min_R2_Best,45min_Pearson,45min_Pearson_Mean,45min_Pearson_Std,45min_Pearson_Best,45min_EGA_A,45min_EGA_A_Mean,45min_EGA_A_Std,45min_EGA_A_Best,45min_EGA_B,45min_EGA_B_Mean,45min_EGA_B_Std,45min_EGA_B_Best,45min_EGA_C,45min_EGA_C_Mean,45min_EGA_C_Std,45min_EGA_C_Best,45min_EGA_D,45min_EGA_D_Mean,45min_EGA_D_Std,45min_EGA_D_Best,45min_EGA_E,45min_EGA_E_Mean,45min_EGA_E_Std,45min_EGA_E_Best,60min_MAE,60min_MAE_Mean,60min_MAE_Std,60min_MAE_Best,60min_RMSE,60min_RMSE_Mean,60min_RMSE_Std,60min_RMSE_Best,60min_MARD,60min_MARD_Mean,60min_MARD_Std,60min_MARD_Best,60min_MAPE,60min_MAPE_Mean,60min_MAPE_Std,60min_MAPE_Best,60min_R2,60min_R2_Mean,60min_R2_Std,60min_R2_Best,60min_Pearson,60min_Pearson_Mean,60min_Pearson_Std,60min_Pearson_Best,60min_EGA_A,60min_EGA_A_Mean,60min_EGA_A_Std,60min_EGA_A_Best,60min_EGA_B,60min_EGA_B_Mean,60min_EGA_B_Std,60min_EGA_B_Best,60min_EGA_C,60min_EGA_C_Mean,60min_EGA_C_Std,60min_EGA_C_Best,60min_EGA_D,60min_EGA_D_Mean,60min_EGA_D_Std,60min_EGA_D_Best,60min_EGA_E,60min_EGA_E_Mean,60min_EGA_E_Std,60min_EGA_E_Best,Mean_MAE,Std_MAE,Best_MAE,Mean_RMSE,Std_RMSE,Best_RMSE,Mean_MARD,Std_MARD,Best_MARD,Mean_MAPE,Std_MAPE,Best_MAPE,Mean_R2,Std_R2,Best_R2,Mean_Pearson,Std_Pearson,Best_Pearson,Mean_EGA_A,Std_EGA_A,Best_EGA_A,Mean_EGA_B,Std_EGA_B,Best_EGA_B,Mean_EGA_C,Std_EGA_C,Best_EGA_C,Mean_EGA_D,Std_EGA_D,Best_EGA_D,Mean_EGA_E,Std_EGA_E,Best_EGA_E,Mean_Train_Time_s,Std_Train_Time_s,Best_Train_Time_s,Mean_Inference_ms_per_sample,Std_Inference_ms_per_sample,Best_Inference_ms_per_sample,Parameter_Count,Average_Rank,Average_Rank_MAE,Overall_Best
1D-CNN,16,8.393580466508865,8.393580466508865,1.8436416019341202,6.174668788909912,12.99577522277832,12.99577522277832,6.904106266110427,8.08536434173584,7.303283274173737,7.303283274173737,1.316435811486268,5.684570789337158,7.303283274173737,7.303283274173737,1.316435811486268,5.684570789337158,0.5053082071244717,0.5053082071244717,0.5801770706367866,0.8604045510292053,0.7996259517967701,0.7996259517967701,0.13730379061660516,0.9320523142814636,95.02017784118652,95.02017784118652,3.6823389497201457,98.64105224609375,4.518696144223213,4.518696144223213,3.4997074823029855,1.3589503765106201,0.0875181034207344,0.0875181034207344,0.33895615704016274,0,0.37360732536762953,0.37360732536762953,0.5917034317354967,0,0,0,0,0,11.837917625904083,11.837917625904083,2.009779579263967,9.148194313049316,18.664637982845306,18.664637982845306,9.48987157915747,12.098881721496582,10.171422600746155,10.171422600746155,1.2629414959161722,8.788219451904297,10.171422600746155,10.171422600746155,1.2629414959161722,8.788219451904297,-0.005843524,-0.005843524,1.1693866788751814,0.6038539409637451,0.575712594203651,0.575712594203651,0.16403836794117585,0.7795052528381348,86.913583278656,86.913583278656,3.8709120283399563,92.3118896484375,12.3891142308712,12.3891142308712,3.38416295154111,7.579061985015869,0.09657170623540878,0.09657170623540878,0.37402060996457315,0,0.6007306249812245,0.6007306249812245,1.154796502323982,0,0,0,0,0,13.734957575798035,13.734957575798035,2.2903256978180506,10.40297794342041,21.406760692596436,21.406760692596436,10.422001190280636,13.789037704467773,11.76461374759674,11.76461374759674,1.4078498429808444,9.635003089904785,11.76461374759674,11.76461374759674,1.4078498429808444,9.635003089904785,-0.308272902,-0.308272902,1.435210481717692,0.40226346254348755,0.41024095099419355,0.41024095099419355,0.17672598578627444,0.6348429322242737,82.4562635421753,82.4562635421753,3.953819838999622,89.36750030517578,16.828672766685486,16.828672766685486,3.4063898301741853,10.523446083068848,0.09657170623540878,0.09657170623540878,0.37402060996457315,0,0.6184915783815086,0.6184915783815086,1.3165322803613384,0,0,0,0,0,14.94894152879715,14.94894152879715,2.6307200332651255,10.925149917602539,23.348704874515533,23.348704874515533,12.74653339379329,14.562350273132324,12.805878281593323,12.805878281593323,1.6876747271846522,10.09207820892334,12.805878281593323,12.805878281593323,1.6876747271846522,10.09207820892334,-0.602674969,-0.602674969,2.049686389887234,0.2890041470527649,0.299961990211159,0.299961990211159,0.1809211075428391,0.5413385033607483,79.83444881439209,79.83444881439209,4.424896781589689,87.02290344238281,19.43538135290146,19.43538135290146,3.9429870963247633,12.670156478881836,0.09958957135677338,0.09958957135677338,0.38570875132071847,0,0.6305806401651353,0.6305806401651353,1.3506983757677844,0,0,0,0,0,12.228849299252033,2.090115293669316,9.521000862121582,19.1039696931839,9.835778192168801,12.367648124694824,10.511299476027489,1.3130876409564711,8.811442375183105,10.511299476027489,1.3130876409564711,8.811442375183105,-0.102870797,1.3053880506805333,0.5371309071779251,0.5213853718014434,0.15354563029841495,0.719754695892334,86.05611836910248,3.462755249165762,91.65757942199707,13.29296612367034,3.0247069509023343,8.233369827270508,0.09506277181208134,0.3681765320725069,0,0.5558525422238745,1.0829041145005842,0,0,0,0,89.71422589225403,25.640196505864605,40.170322745107114,0.03762444067799678,0.04735488999516421,0.015871733632202758,14020,8.125,8,No
Autoformer,16,11.281069695949554,11.281069695949554,2.369653823330769,8.333125114440918,15.995208442211151,15.995208442211151,4.083668889308735,10.760960578918457,10.0682772397995,10.0682772397995,2.0557299456144738,7.570623397827148,10.0682772397995,10.0682772397995,2.0557299456144738,7.570623397827148,0.3725331760942936,0.3725331760942936,0.1170505234984383,0.5768108367919922,0.6564591396600008,0.6564591396600008,0.09001157039459111,0.7925456166267395,87.30149126052856,87.30149126052856,4.743952351534238,94.25587463378906,12.229398399591446,12.229398399591446,4.276414446015112,5.2219319343566895,0,0,0,0,0.4691100209020078,0.4691100209020078,0.9101776118794767,0,0,0,0,0,14.184646606445312,14.184646606445312,2.688473260587872,10.126469612121582,20.38732022047043,20.38732022047043,4.467339852117281,13.759479522705078,12.497459053993225,12.497459053993225,2.2516089213359862,8.598017692565918,12.497459053993225,12.497459053993225,2.2516089213359862,8.598017692565918,-0.027529493,-0.027529493,0.16272183481310307,0.2169206738471985,0.40055989334359765,0.40055989334359765,0.13272007672966377,0.607727587223053,80.18633699417114,80.18633699417114,4.794264704861439,89.70340728759766,19.29017573595047,19.29017573595047,4.320764784981549,10.296586036682129,0,0,0,0,0.5234876209869981,0.5234876209869981,1.01426714067993,0,0,0,0,0,15.23381394147873,15.23381394147873,2.857286880978251,11.20605754852295,21.79552924633026,21.79552924633026,4.792297009079892,14.876144409179688,13.424163043498993,13.424163043498993,2.3740789731866587,9.240950584411621,13.424163043498993,13.424163043498993,2.3740789731866587,9.240950584411621,-0.175943453,-0.175943453,0.17470219264486966,0.09976541996002197,0.3083499896347348,0.3083499896347348,0.14095066771448247,0.5391135811805725,77.83394145965576,77.83394145965576,5.165616926864629,89.2557373046875,21.62148004770279,21.62148004770279,4.70015145061992,10.744263648986816,0,0,0,0,0.5445785145275295,0.5445785145275295,1.1183196266081465,0,0,0,0,0,16.055993497371674,16.055993497371674,3.0135624113891764,12.109171867370605,22.847899556159973,22.847899556159973,5.043308372780227,15.865690231323242,14.14555835723877,14.14555835723877,2.462943425477735,9.675151824951172,14.14555835723877,14.14555835723877,2.462943425477735,9.675151824951172,-0.289851196,-0.289851196,0.1859641355161063,-0.021409869,0.24276966648176312,0.24276966648176312,0.14647985240393652,0.48033252358436584,75.87880229949951,75.87880229949951,5.203088873364212,88.08058166503906,23.56457531452179,23.56457531452179,4.712784439908561,11.919418334960938,0.019546514376997948,0.019546514376997948,0.055064785333920764,0,0.5370767663698643,0.5370767663698643,1.1554347379638765,0,0,0,0,0,14.188880935311317,2.7018043769763627,10.44907283782959,20.256489366292953,4.553778428703539,13.90207839012146,12.533864423632622,2.263209978915577,8.771185874938965,12.533864423632622,2.263209978915577,8.771185874938965,-0.030197741,0.15124946045579846,0.21019628643989563,0.4020346722800241,0.12200650732562242,0.5970742627978325,80.30014300346375,4.80164364283623,89.70341110229492,19.176407374441624,4.308733981873951,10.296586275100708,0.004886628594249487,0.013766196333480191,0,0.5185632306965999,1.043936539485693,0,0,0,0,449.72735168912914,78.49618034485565,312.75235373410396,0.3757925313999534,0.06702161103969147,0.32242080801290113,167233,8.875,9,No
CRNN,16,5.884118437767029,5.884118437767029,0.7535757123354024,4.406055927276611,8.437044650316238,8.437044650316238,1.2112913147734303,6.025312423706055,5.175459384918213,5.175459384918213,0.7824000414582748,4.304137706756592,5.175459384918213,5.175459384918213,0.7824000414582748,4.304137706756592,0.812372200191021,0.812372200191021,0.06324954037258254,0.9059160351753235,0.9069121778011322,0.9069121778011322,0.03313073059825314,0.9579625129699707,97.80044364929199,97.80044364929199,1.3933562053200896,99.54400634765625,1.9009823314845562,1.9009823314845562,1.1732557736635252,0.4559963345527649,0,0,0,0,0.2985740448348224,0.2985740448348224,0.5053404914639668,0,0,0,0,0,9.990324884653091,9.990324884653091,1.3373571483552378,7.516561031341553,14.53337037563324,14.53337037563324,2.2279894356141723,10.322693824768066,8.608598113059998,8.608598113059998,1.147135064369266,7.315908432006836,8.608598113059998,8.608598113059998,1.147135064369266,7.315908432006836,0.45926612615585327,0.45926612615585327,0.12618120837019667,0.6208738088607788,0.6997536644339561,0.6997536644339561,0.07540874998639463,0.8106482625007629,90.51233863830566,90.51233863830566,3.2408540733656634,95.48563385009766,8.874857306480408,8.874857306480408,2.5710888683396473,4.514363765716553,0,0,0,0,0.612805244512856,0.612805244512856,1.2243832105864054,0,0,0,0,0,12.173251807689667,12.173251807689667,1.7962336551917135,9.372803688049316,17.639316856861115,17.639316856861115,3.0994011531755143,12.65707778930664,10.416328966617584,10.416328966617584,1.4460014459251225,8.532746315002441,10.416328966617584,10.416328966617584,1.4460014459251225,8.532746315002441,0.21224308013916016,0.21224308013916016,0.15760975414873823,0.3746635913848877,0.5147602763026953,0.5147602763026953,0.10958444661781347,0.6239685416221619,85.99918556213379,85.99918556213379,4.181077656737214,91.906005859375,13.37602961063385,13.37602961063385,3.345023747195649,8.093995094299316,0,0,0,0,0.6247836831025779,0.6247836831025779,1.3438650183478686,0,0,0,0,0,13.403251826763153,13.403251826763153,2.007307809753313,10.427287101745605,19.22256350517273,19.22256350517273,3.642689683424611,13.601091384887695,11.466850876808167,11.466850876808167,1.6649145984312061,9.277815818786621,11.466850876808167,11.466850876808167,1.6649145984312061,9.277815818786621,0.07141120731830597,0.07141120731830597,0.1751236498515944,0.28958141803741455,0.38860198063775897,0.38860198063775897,0.13745039082814772,0.5525632500648499,83.11591386795044,83.11591386795044,4.867126027942176,89.98321533203125,16.25023365020752,16.25023365020752,3.9700031103809423,10.0167875289917,0,0,0,0,0.6338528979104012,0.6338528979104012,1.3526534224998874,0,0,0,0,0,10.362736739218235,1.4025794658269657,7.968860387802124,14.95807384699583,2.450543092278838,10.76402997970581,8.91680933535099,1.2000477682581376,7.480836033821106,8.91680933535099,1.2000477682581376,7.480836033821106,0.3888231534510851,0.12252160649530767,0.5260068029165268,0.6275070247938856,0.08236066968445457,0.7125322371721268,89.35697042942047,3.167610261001445,93.30697822570801,10.100525724701583,2.453540008158601,6.46214085817337,0,0,0,0.5425039675901644,1.1011908761251161,0,0,0,0,126.76531731619616,22.80003856827988,91.54703792394139,0.08049330479267874,0.04039295406621888,0.04703945607696187,47820,5.875,5.75,No
DCRNN,16,5.001507416367531,5.001507416367531,0.6566398172124127,3.9687459468841553,7.239594548940659,7.239594548940659,1.0145917684260766,5.45024299621582,4.391554608941078,4.391554608941078,0.6995595091129387,3.6386187076568604,4.391554608941078,4.391554608941078,0.6995595091129387,3.6386187076568604,0.8608715236186981,0.8608715236186981,0.05030914169741787,0.9265996813774109,0.9306922294199467,0.9306922294199467,0.02583370030352903,0.9647462964057922,98.72569370269775,98.72569370269775,0.825494222378682,99.68080139160156,1.1674890890717506,1.1674890890717506,0.7394511097982687,0.3191974461078644,0,0,0,0,0.10681791324168444,0.10681791324168444,0.14875660599026516,0,0,0,0,0,9.339504182338715,9.339504182338715,1.3598008392712049,6.969640731811523,13.773665726184845,13.773665726184845,2.163801687231734,10.09581184387207,8.070962071418762,8.070962071418762,1.295561037059998,6.477285861968994,8.070962071418762,8.070962071418762,1.295561037059998,6.477285861968994,0.5151588954031467,0.5151588954031467,0.11498863611276258,0.6675502061843872,0.7329865954816341,0.7329865954816341,0.07030167187079454,0.8255335688591003,91.33290386199951,91.33290386199951,3.2577072914285368,96.12403106689453,8.153565719723701,8.153565719723701,2.7439186841947243,3.6553523540496826,0,0,0,0,0.5135315824300051,0.5135315824300051,1.0377089991951525,0,0,0,0,0,11.621378898620605,11.621378898620605,1.8763124365355217,8.020301818847656,17.040264666080475,17.040264666080475,3.0356771967097487,11.935832023620605,9.978887677192688,9.978887677192688,1.7167840757388686,7.3236918449401855,9.978887677192688,9.978887677192688,1.7167840757388686,7.3236918449401855,0.26923390105366707,0.26923390105366707,0.12582808955043379,0.4279596209526062,0.558799060061574,0.558799060061574,0.0887689934425219,0.6649729013442993,86.61969804763794,86.61969804763794,4.610878346714694,94.77806854248047,12.765348047018051,12.765348047018051,3.748134006800147,5.2219319343566895,0,0,0,0,0.6149531858973205,0.6149531858973205,1.3330712989498508,0,0,0,0,0,12.902098774909973,12.902098774909973,2.104360762114908,9.492033004760742,18.690239787101746,18.690239787101746,3.5519317996383486,13.585558891296387,11.072608590126038,11.072608590126038,1.9528501742251376,8.163044929504395,11.072608590126038,11.072608590126038,1.9528501742251376,8.163044929504395,0.12811047211289406,0.12811047211289406,0.1244602856905055,0.28512120246887207,0.43721501622349024,0.43721501622349024,0.09685027350734125,0.5537824034690857,83.81084775924683,83.81084775924683,5.01432354663059,91.3838119506836,15.5683873295784,15.5683873295784,4.027300789815084,8.616188049316406,0,0,0,0,0.6207638892810792,0.6207638892810792,1.3455325986990458,0,0,0,0,0,9.716122318059206,1.4214421570643707,7.2687084674835205,14.185941182076931,2.3409090074090484,10.559359073638916,8.378503236919641,1.3503731570277893,6.540647208690643,8.378503236919641,1.3503731570277893,6.540647208690643,0.4433436980471015,0.09662360969210765,0.5753793269395828,0.6649232252966613,0.06625471318240464,0.7498749941587448,90.12228584289551,3.2485606991303255,94.97389030456543,9.413697546347976,2.6250445902587236,4.830287128686905,0,0,0,0.4640166427125223,0.9554533512721799,0,0,0,0,1431.3656436549936,399.38859752203183,854.0360770949628,1.2245539497192732,0.5844991046333756,0.7875072145688284,125249,2.0416666666666665,2,No
GlucoPrism,16,5.487504690885544,5.487504690885544,0.9190755657325703,4.2051568031311035,7.898248732089996,7.898248732089996,1.4371384480184544,5.7758636474609375,4.8022800385952,4.8022800385952,0.8874146453623052,4.020870685577393,4.8022800385952,4.8022800385952,0.8874146453623052,4.020870685577393,0.8365959227085114,0.8365959227085114,0.0544582111883947,0.9175745248794556,0.9171066582202911,0.9171066582202911,0.02795185997190584,0.9586573243141174,98.24097537994385,98.24097537994385,1.6315502151328196,99.72640228271484,1.6306459866464138,1.6306459866464138,1.4306838702171425,0.2735978364944458,0,0,0,0,0.12837961269542575,0.12837961269542575,0.22041740025878073,0,0,0,0,0,9.820801854133606,9.820801854133606,1.5500910313132885,7.363907337188721,14.322949647903442,14.322949647903442,2.454569638511903,10.175980567932129,8.46778056025505,8.46778056025505,1.3163769547674775,7.0887298583984375,8.46778056025505,8.46778056025505,1.3163769547674775,7.0887298583984375,0.4784035384654999,0.4784035384654999,0.11713420121614859,0.6462581157684326,0.7141384072601795,0.7141384072601795,0.06573164661144983,0.8080610632896423,90.63108348846436,90.63108348846436,3.588685316635846,95.85043334960938,9.04568263888359,9.04568263888359,3.2418043172703426,4.149567127227783,0,0,0,0,0.32323475275188684,0.32323475275188684,0.5251233087604742,0,0,0,0,0,12.304485499858856,12.304485499858856,2.0937966399266847,9.1752347946167,17.906351149082184,17.906351149082184,3.4126475214167797,12.587894439697266,10.554458916187286,10.554458916187286,1.6884880648175686,8.444598197937012,10.554458916187286,10.554458916187286,1.6884880648175686,8.444598197937012,0.19659193977713585,0.19659193977713585,0.13394403002040803,0.36552494764328003,0.527009354904294,0.527009354904294,0.07979619302398473,0.6223987936973572,85.58876752853394,85.58876752853394,4.518534182006026,93.21148681640625,13.994923204183578,13.994923204183578,4.082965352434224,6.788511753082275,0,0,0,0,0.41630911035463214,0.41630911035463214,0.7836655976461618,0,0,0,0,0,13.831046342849731,13.831046342849731,2.4492397965340085,10.491655349731445,19.964859127998352,19.964859127998352,4.091319067011553,13.999774932861328,11.866079092025757,11.866079092025757,2.038887847732579,9.146737098693848,11.866079092025757,11.866079092025757,2.038887847732579,9.146737098693848,0.010264545679092407,0.010264545679092407,0.1402031801620123,0.16345953941345215,0.38907698541879654,0.38907698541879654,0.08774426153834725,0.48103153705596924,82.03814458847046,82.03814458847046,4.6586732635267145,88.77284240722656,17.478680908679962,17.478680908679962,4.095127838354526,11.227153778076172,0.0032791183330118656,0.0032791183330118656,0.012699970693998383,0,0.4733368332963437,0.4733368332963437,0.9384119816281499,0,0.006558236666023731,0.006558236666023731,0.025399941387996765,0,10.360959596931934,1.6767314675966183,7.829057693481445,15.023102164268494,2.7438395384064242,10.634878396987915,8.922649651765823,1.421447499440295,7.303799271583557,8.922649651765823,1.421447499440295,7.303799271583557,0.38046398665755987,0.10225800264113014,0.5219984501600266,0.6368328514508903,0.05978194257386308,0.714243970811367,89.12474274635315,3.3873140418575844,93.66840553283691,10.537483184598386,2.9969498495619273,6.201044321060181,0.0008197795832529664,0.0031749926734995957,0,0.3353150772745721,0.6048229263901636,0,0.0016395591665059328,0.006349985346999191,0,7056.461677112234,1292.418188629001,5513.32656965901,2.5016706436006944,0.33619962037351925,2.1496168718143616,694131,5.833333333333333,6,No
Graph WaveNet,16,4.847276836633682,4.847276836633682,0.6839046550617878,3.7609119415283203,6.908154010772705,6.908154010772705,0.9660288112777796,5.244670391082764,4.306365221738815,4.306365221738815,0.8808956422557224,3.2906341552734375,4.306365221738815,4.306365221738815,0.8808956422557224,3.2906341552734375,0.8723258078098297,0.8723258078098297,0.04770146497699308,0.9379011988639832,0.9369506202638149,0.9369506202638149,0.024984883232725897,0.9706739187240601,98.95355033874512,98.95355033874512,0.8238213397787382,99.80685424804688,0.8467038022354245,0.8467038022354245,0.6092693410832456,0.19314341247081757,0,0,0,0,0.1997464271262288,0.1997464271262288,0.4103104360251629,0,0,0,0,0,9.266642153263092,9.266642153263092,1.428133258031338,7.010797023773193,13.529908895492554,13.529908895492554,2.0875845154363604,10.040313720703125,8.071673691272736,8.071673691272736,1.5270626464624424,6.494373321533203,8.071673691272736,8.071673691272736,1.5270626464624424,6.494373321533203,0.5296300053596497,0.5296300053596497,0.11804376737280195,0.6892398595809937,0.7428786754608154,0.7428786754608154,0.07162806538749897,0.8431060910224915,91.4483757019043,91.4483757019043,3.810465549725543,96.26082611083984,7.963794842362404,7.963794842362404,3.087869778400921,3.3942558765411377,0,0,0,0,0.5878296447917819,0.5878296447917819,1.2285399989108086,0,0,0,0,0,11.713357985019684,11.713357985019684,2.023439255741059,8.074207305908203,17.03848099708557,17.03848099708557,3.0799296623491514,11.988179206848145,10.121235519647598,10.121235519647598,2.044113244225335,7.389894008636475,10.121235519647598,10.121235519647598,2.044113244225335,7.389894008636475,0.26824984699487686,0.26824984699487686,0.13489275668686118,0.4369334578514099,0.5617369692772627,0.5617369692772627,0.0919755596046385,0.6766020059585571,86.46277666091919,86.46277666091919,5.019930679334376,95.0391616821289,12.902616322040558,12.902616322040558,4.055076491821588,4.9608354568481445,0,0,0,0,0.6346073034219444,0.6346073034219444,1.3523284568881158,0,0,0,0,0,13.048345744609833,13.048345744609833,2.3197987825233453,9.243019104003906,18.781610131263733,18.781610131263733,3.7127433657418347,13.326242446899414,11.25655210018158,11.25655210018158,2.33971659417581,8.213690757751465,11.25655210018158,11.25655210018158,2.33971659417581,8.213690757751465,0.1202491782605648,0.1202491782605648,0.13716473140657287,0.304328978061676,0.43490627501159906,0.43490627501159906,0.1005888400005999,0.5605151653289795,83.50487852096558,83.50487852096558,5.9183800669342865,93.21148681640625,15.861268550157547,15.861268550157547,4.932726136388821,6.788511753082275,0,0,0,0,0.6338528979104012,0.6338528979104012,1.3526534224998874,0,0,0,0,0,9.718905679881573,1.5433876717470798,7.17896032333374,14.06453850865364,2.3474765319284185,10.444784998893738,8.438956633210182,1.6486631435067454,6.566606402397156,8.438956633210182,1.6486631435067454,6.566606402397156,0.44761370960623026,0.10079213798172415,0.5817944258451462,0.669118135003373,0.0675278211180344,0.7548151314258575,90.09239530563354,3.765291954902495,95.82245254516602,9.393595879198983,3.003459542945691,3.9817232191562653,0,0,0,0.5140090683125891,1.081599631189773,0,0,0,0,1385.2902944185626,257.8192200941035,1049.5845656120218,1.573797511428205,0.5311864580964104,1.2321962233217545,235032,1.75,2.25,Yes
Informer,16,6.409673243761063,6.409673243761063,0.8135597053919635,4.75849723815918,9.187177062034607,9.187177062034607,1.279797242657358,6.45634651184082,5.606412380933762,5.606412380933762,0.8493430378382504,4.636023044586182,5.606412380933762,5.606412380933762,0.8493430378382504,4.636023044586182,0.7815460935235023,0.7815460935235023,0.05913027952387873,0.8680037260055542,0.8940696865320206,0.8940696865320206,0.033630729547625825,0.9445447325706482,97.16273880004883,97.16273880004883,1.9038303859486596,99.54400634765625,2.3562124967575073,2.3562124967575073,1.3647121742038113,0.4559963345527649,0,0,0,0,0.4810484773479402,0.4810484773479402,0.9782862340975452,0,0,0,0,0,10.155906558036804,10.155906558036804,1.514902614554417,7.548349857330322,14.774860560894012,14.774860560894012,2.416276161682965,10.679596900939941,8.739521652460098,8.739521652460098,1.3187496019358937,6.816267013549805,8.739521652460098,8.739521652460098,1.3187496019358937,6.816267013549805,0.4487334191799164,0.4487334191799164,0.09855398661210914,0.5874297022819519,0.693631574511528,0.693631574511528,0.0651331249940999,0.7905807495117188,89.80204010009766,89.80204010009766,3.7340142436249417,95.75923919677734,9.565776735544205,9.565776735544205,2.934734416385135,4.177545547485352,0,0,0,0,0.6321842046454549,0.6321842046454549,1.2924898384873402,0,0,0,0,0,12.174746811389923,12.174746811389923,2.0238116475995724,8.525501251220703,17.625270187854767,17.625270187854767,3.338387299469859,12.58034610748291,10.430539578199387,10.430539578199387,1.701184435398056,7.683003902435303,10.430539578199387,10.430539578199387,1.701184435398056,7.683003902435303,0.22356756776571274,0.22356756776571274,0.11599870893944995,0.35873717069625854,0.5236480720341206,0.5236480720341206,0.08429361793461408,0.6103920936584473,85.6766586303711,85.6766586303711,4.875479041395323,94.77806854248047,13.682247012853622,13.682247012853622,4.042366457782435,4.9608354568481445,0,0,0,0,0.6410953584127128,0.6410953584127128,1.3350361147182799,0,0,0,0,0,13.31869113445282,13.31869113445282,2.302024771665288,9.192496299743652,19.040555119514465,19.040555119514465,3.8632985038664445,13.449824333190918,11.405315637588501,11.405315637588501,1.9505468552881837,8.276873588562012,11.405315637588501,11.405315637588501,1.9505468552881837,8.276873588562012,0.09972066432237625,0.09972066432237625,0.12748210008230468,0.3052957057952881,0.4124875543639064,0.4124875543639064,0.1036532458521904,0.5667017698287964,83.17261409759521,83.17261409759521,5.651346973994193,93.21148681640625,16.196805268526077,16.196805268526077,4.7609737467868145,6.788511753082275,0,0,0,0,0.6305806401651353,0.6305806401651353,1.3506983757677844,0,0,0,0,0,10.514754436910152,1.613306118483032,7.792371034622192,15.156965732574463,2.6569559386501025,11.208767175674438,9.045447312295437,1.40634186519564,7.0401493310928345,9.045447312295437,1.40634186519564,7.0401493310928345,0.38839193619787693,0.08863269222342578,0.5093705207109451,0.6309592218603939,0.06341401327021444,0.701160803437233,88.9535129070282,3.8404744302671716,95.16971397399902,10.450260378420353,3.0194932973338804,4.503916382789612,0,0,0,0.5962271701428108,1.2351065576204432,0,0,0,0,256.1279358309548,41.6111687348118,181.15839133993722,0.24734150483391087,0.15962187468025416,0.16103912294748848,180545,5.958333333333333,6.25,No
LSTM,16,5.256114214658737,5.256114214658737,0.690493022737015,3.938847541809082,7.669633656740189,7.669633656740189,1.0588846870786055,5.469225883483887,4.58629284799099,4.58629284799099,0.6380052241883063,3.787000894546509,4.58629284799099,4.58629284799099,0.6380052241883063,3.787000894546509,0.8437371402978897,0.8437371402978897,0.05757719311045169,0.910281240940094,0.9213698208332062,0.9213698208332062,0.03107393193641213,0.9614105820655823,98.529456615448,98.529456615448,0.9005802301771657,99.72640228271484,1.3764049857854843,1.3764049857854843,0.8051102390000355,0.2735978364944458,0,0,0,0,0.09413814917206764,0.09413814917206764,0.1374403785549666,0,0,0,0,0,9.751143217086792,9.751143217086792,1.3963990593425577,7.3546528816223145,14.279847145080566,14.279847145080566,2.241334382713207,10.128533363342285,8.37745463848114,8.37745463848114,1.1057002563157043,7.121971130371094,8.37745463848114,8.37745463848114,1.1057002563157043,7.121971130371094,0.4802336059510708,0.4802336059510708,0.11479386418446211,0.6182341575622559,0.7106766104698181,0.7106766104698181,0.07294681427994758,0.8037025928497314,90.6486177444458,90.6486177444458,3.025199949362557,95.8048324584961,8.931602150201797,8.931602150201797,2.684331733646855,4.19516658782959,0,0,0,0,0.419779971241951,0.419779971241951,0.7188853728118887,0,0,0,0,0,11.985050439834595,11.985050439834595,1.9839131661956129,8.664999961853027,17.43746954202652,17.43746954202652,3.2604335706083107,12.61461353302002,10.238414347171783,10.238414347171783,1.5345769819884991,7.671557426452637,10.238414347171783,10.238414347171783,1.5345769819884991,7.671557426452637,0.23740355297923088,0.23740355297923088,0.12818664901368018,0.38442569971084595,0.5319784451276064,0.5319784451276064,0.09554808705139406,0.6287360787391663,86.05758905410767,86.05758905410767,4.329797794713109,93.99478149414062,13.346756607294083,13.346756607294083,3.658732072980271,6.005221843719482,0,0,0,0,0.5956539469771087,0.5956539469771087,1.2896907455669433,0,0,0,0,0,13.247547566890717,13.247547566890717,2.1944334495537765,9.913487434387207,19.05498641729355,19.05498641729355,3.7783628058542376,13.22311019897461,11.320701837539673,11.320701837539673,1.7703770310675142,8.742605209350586,11.320701837539673,11.320701837539673,1.7703770310675142,8.742605209350586,0.09457053244113922,0.09457053244113922,0.14271955500762698,0.3285185694694519,0.4045307654887438,0.4045307654887438,0.12345556093027514,0.5780317783355713,83.40594577789307,83.40594577789307,5.216734009351513,93.21148681640625,15.973291128873825,15.973291128873825,4.4819187953952,6.788511753082275,0,0,0,0,0.6207638892810792,0.6207638892810792,1.3455325986990458,0,0,0,0,0,10.05996385961771,1.4796310454237251,7.80668580532074,14.610484190285206,2.4729039859469046,10.575781345367432,8.630715917795897,1.1710371760135443,7.104933381080627,8.630715917795897,1.1710371760135443,7.104933381080627,0.41398620791733265,0.10044479462060285,0.5344924032688141,0.6421389104798436,0.07334867627804484,0.716763436794281,89.66040229797363,3.066734230752065,94.58224678039551,9.907013718038797,2.6149737859984836,5.221932113170624,0,0,0,0.43258398916805163,0.8505674391513962,0,0,0,0,53.639447505862336,10.775586900188134,42.998122069984674,0.020678546913789876,0.014104501328920995,0.014189019935654591,18948,3.9583333333333335,4,No
PatchTST,16,4.789817795157433,4.789817795157433,0.7541089055023997,3.782036066055298,6.961641222238541,6.961641222238541,1.049707613899371,5.431778907775879,4.207093983888626,4.207093983888626,0.7457529271073249,3.312469720840454,4.207093983888626,4.207093983888626,0.7457529271073249,3.312469720840454,0.8683302737772465,0.8683302737772465,0.05616919255189023,0.9384720921516418,0.9345505759119987,0.9345505759119987,0.026899593511427507,0.968917727470398,98.9144229888916,98.9144229888916,0.8028428587709858,99.81256103515625,1.0218964433297515,1.0218964433297515,0.7224916188361314,0.18744142353534698,0,0,0,0,0.06368227023631334,0.06368227023631334,0.09707513411461939,0,0,0,0,0,9.163879305124283,9.163879305124283,1.53703552857713,6.7544779777526855,13.720148921012878,13.720148921012878,2.126951641834285,10.22940731048584,7.864888906478882,7.864888906478882,1.2883228876035233,6.284421920776367,7.864888906478882,7.864888906478882,1.2883228876035233,6.284421920776367,0.5141168870031834,0.5141168870031834,0.1319141637048532,0.6868506669998169,0.7400868907570839,0.7400868907570839,0.06964309976778589,0.8323141932487488,91.44034576416016,91.44034576416016,3.0389455123217877,95.66803741455078,8.29577174782753,8.29577174782753,2.8477175160463846,4.331965446472168,0,0,0,0,0.2638826142065227,0.2638826142065227,0.3893287977618657,0,0,0,0,0,11.655117273330688,11.655117273330688,2.0660587751526345,8.28675651550293,17.453241527080536,17.453241527080536,3.0403211623868707,12.548578262329102,9.88658618927002,9.88658618927002,1.6058425496227728,7.469592094421387,9.88658618927002,9.88658618927002,1.6058425496227728,7.469592094421387,0.23056085407733917,0.23056085407733917,0.14174720371562827,0.4125382900238037,0.5578895341604948,0.5578895341604948,0.08759520318810726,0.6773940324783325,86.30647945404053,86.30647945404053,3.9642015684244067,92.79525756835938,13.351280301809311,13.351280301809311,3.6351324127463402,7.204742908477783,0,0,0,0,0.34224071307107806,0.34224071307107806,0.6171866259956604,0,0,0,0,0,13.139935851097107,13.139935851097107,2.360553394257476,9.608068466186523,19.47072947025299,19.47072947025299,3.6828756715207036,14.180187225341797,11.099675118923187,11.099675118923187,1.7872931798763612,8.750569343566895,11.099675118923187,11.099675118923187,1.7872931798763612,8.750569343566895,0.053039681166410446,0.053039681166410446,0.13630848833534906,0.23141610622406006,0.42884273640811443,0.42884273640811443,0.09816998219943031,0.5648699402809143,83.27333402633667,83.27333402633667,4.329093483952939,89.78568267822266,16.301178753376007,16.301178753376007,3.9242787660059357,10.168718338012695,0,0,0,0,0.4254876512568444,0.4254876512568444,0.8141332429049956,0,0,0,0,0,9.687187556177378,1.5906498956859112,7.16255396604538,14.401440285146236,2.3213828701908907,10.757641315460205,8.264561049640179,1.2746165001459924,6.632154643535614,8.264561049640179,1.2746165001459924,6.632154643535614,0.41651192400604486,0.10826807585193748,0.5625390410423279,0.665342434309423,0.06482820541900372,0.7595087885856628,89.98364555835724,2.865794099604071,94.49384498596191,9.74253181158565,2.6166991898875116,5.494756132364273,0,0,0,0.2738233121926896,0.4610413408491846,0,0,0,0,383.27212617637997,63.02575736086423,290.7157629148569,0.1143502007121318,0.00716472555725081,0.10875976032418712,106380,2.5833333333333335,1.75,No
